customer_id,age,annual_income_k,spending_score,visits_per_month,avg_basket_value
1,44.38,88.65,75.59,7.3,186.33
2,44.89,34.23,36.23,1.68,109.4
3,51.3,110.79,74.94,5.98,206.67
4,60.91,96.97,14.18,0.0,64.4
5,34.65,41.91,80.79,8.84,75.67
6,43.07,76.71,23.65,4.93,71.15
7,18.0,39.09,75.84,13.77,83.69
8,29.76,38.24,31.3,4.77,82.09
9,37.13,44.93,30.79,2.08,71.06
10,30.5,53.47,75.38,8.27,69.21
11,25.83,36.92,54.56,0.0,36.83
12,18.0,52.82,68.41,8.28,57.05
13,46.35,98.35,63.46,7.94,184.86
14,26.09,19.15,36.95,3.8,80.82
15,19.05,45.54,85.59,8.16,25.21
16,37.06,30.43,32.65,4.39,76.07
17,43.03,103.77,63.94,4.29,181.98
18,47.88,125.78,70.49,5.2,176.77
19,51.67,82.61,18.2,0.0,97.52
20,41.49,40.83,39.09,2.53,80.99
21,36.65,56.57,42.3,5.5,79.85
22,33.15,38.44,36.82,4.51,60.26
23,46.72,95.17,34.7,3.36,87.66
24,60.32,84.25,22.74,1.53,101.93
25,18.0,49.78,53.84,0.0,23.66
26,31.43,23.83,36.59,0.61,76.04
27,22.88,48.48,79.23,8.58,59.33
28,28.39,52.42,63.02,0.0,42.0
29,49.05,46.76,25.93,4.9,58.15
30,38.05,85.86,82.03,8.87,159.09
31,27.77,65.2,48.24,0.96,33.47
32,19.61,48.33,78.23,9.0,94.22
33,46.87,87.4,78.6,4.21,176.08
34,48.27,113.75,67.99,6.31,212.79
35,43.45,51.0,49.61,4.88,89.24
36,47.57,106.16,82.69,6.94,173.49
37,24.0,44.57,42.35,0.0,39.2
38,41.75,63.93,44.35,4.28,78.53
39,24.58,42.63,77.97,6.32,48.57
40,21.93,40.61,45.68,1.45,30.92
41,53.52,90.17,24.27,1.45,94.78
42,49.38,119.81,73.28,4.71,174.33
43,47.81,102.76,70.05,6.37,190.97
44,23.18,48.83,78.39,3.53,44.13
45,18.0,63.28,49.61,0.0,49.61
46,21.5,25.07,89.7,9.1,23.24
47,47.33,103.72,80.03,4.46,189.01
48,22.08,48.62,87.62,9.74,56.15
49,58.18,81.29,16.29,2.34,80.68
50,21.05,59.33,80.47,6.7,43.16
51,27.16,29.66,84.45,7.37,56.94
52,29.0,29.69,39.37,2.53,83.67
53,37.57,106.85,79.85,5.52,183.23
54,40.71,49.81,29.64,6.11,80.52
55,36.0,50.05,45.35,2.39,49.85
56,22.62,41.66,73.97,8.8,62.25
57,39.85,51.79,31.73,4.64,72.42
58,37.12,113.23,71.27,3.67,193.06
59,38.85,31.83,24.2,4.92,46.89
60,28.58,48.14,79.89,11.43,73.3
61,38.28,36.08,17.12,2.46,86.14
62,33.98,47.76,84.64,5.25,58.67
63,23.41,31.18,83.1,8.65,65.49
64,41.7,22.24,31.06,5.17,60.29
65,28.07,61.27,48.12,2.36,64.31
66,18.0,36.12,86.69,8.75,58.73
67,43.65,97.8,80.98,7.96,187.28
68,31.0,51.63,46.17,2.39,56.25
69,18.0,43.52,84.3,10.0,72.6
70,45.12,108.37,62.08,3.26,160.71
71,21.97,27.55,72.47,8.88,63.04
72,21.65,38.29,70.59,8.51,39.03
73,42.1,106.88,75.74,3.89,196.21
74,26.4,56.55,81.88,11.76,69.8
75,22.3,47.7,83.58,9.64,48.08
76,54.02,96.66,17.25,0.0,83.52
77,50.69,80.59,18.96,2.64,87.07
78,24.65,43.82,73.05,8.66,60.02
79,39.08,35.79,47.93,4.19,67.79
80,38.07,49.68,42.15,1.75,83.34
81,48.29,84.01,16.53,1.63,104.88
82,27.76,54.75,42.42,1.49,18.55
83,53.99,78.71,28.42,1.33,101.87
84,32.5,46.91,43.22,5.62,80.89
85,43.26,111.32,73.69,6.65,183.17
86,43.82,23.92,29.7,3.83,91.61
87,37.19,108.12,90.38,7.69,181.02
88,28.4,42.62,67.51,10.87,41.48
89,49.15,107.8,75.58,5.54,163.84
90,41.16,40.75,50.78,6.89,62.89
91,27.04,37.42,29.75,3.61,67.52
92,58.54,85.94,12.85,0.0,101.3
93,37.81,52.87,32.64,1.89,85.51
94,34.78,43.93,41.56,3.34,43.38
95,48.47,123.58,59.63,7.68,175.58
96,48.22,95.26,16.72,2.09,80.26
97,32.07,39.79,17.97,3.44,83.9
98,32.9,51.67,44.34,2.11,41.12
99,18.0,34.41,83.57,9.13,56.39
100,38.57,30.87,84.2,6.44,60.06
101,50.78,78.91,19.58,3.43,114.55
102,24.34,48.28,85.3,9.06,66.56
103,28.84,62.32,72.89,9.33,66.67
104,59.4,88.05,18.0,3.04,89.28
105,40.17,98.19,76.63,4.39,203.15
106,49.96,90.89,32.09,1.14,80.68
107,20.26,56.96,50.1,1.57,49.73
108,43.41,23.36,29.19,6.82,74.23
109,37.39,45.6,45.63,2.64,59.51
110,53.88,88.27,29.64,4.92,84.7
111,23.23,65.93,78.47,11.03,69.24
112,45.64,94.83,30.71,1.46,96.94
113,36.44,34.32,41.68,3.37,45.0
114,43.0,39.58,32.51,1.82,68.32
115,22.33,44.74,85.18,9.61,64.46
116,53.18,83.31,14.65,1.72,79.53
117,36.93,44.4,47.23,3.07,41.56
118,37.35,64.89,47.38,0.07,42.32
119,30.66,108.47,75.76,5.16,183.52
120,22.09,34.86,71.42,8.43,60.93
121,52.28,84.8,33.54,1.04,79.37
122,39.3,39.44,44.43,2.39,89.6
123,29.93,54.23,58.34,3.56,25.15
124,51.68,71.43,46.17,0.0,91.01
125,46.45,110.53,58.7,4.51,170.69
126,20.8,61.04,71.68,8.84,56.34
127,43.73,108.54,75.56,5.12,168.84
128,51.75,66.59,22.87,2.03,93.79
129,42.74,82.44,20.63,2.47,102.02
130,39.41,48.35,50.73,5.41,49.16
131,21.86,29.28,90.69,9.05,79.79
132,44.78,40.68,30.47,5.29,82.93
133,50.48,87.56,22.4,1.8,119.86
134,33.58,39.8,51.25,3.53,77.36
135,23.23,56.06,77.19,10.39,42.07
136,39.84,123.64,80.37,5.43,169.21
137,34.93,41.41,31.42,5.51,100.49
138,33.18,41.64,84.13,9.18,32.88
139,46.68,100.15,77.41,4.79,210.16
140,50.13,81.95,24.61,0.39,93.6
141,43.62,52.87,36.78,3.39,58.01
142,45.35,54.66,37.21,3.91,50.15
143,37.58,38.92,46.45,2.64,80.56
144,40.58,38.45,42.19,3.11,93.52
145,45.61,72.84,23.15,0.98,94.13
146,22.32,49.36,46.12,1.51,55.92
147,22.85,56.83,44.15,0.0,32.6
148,58.16,88.62,24.34,3.15,89.37
149,41.95,30.58,24.94,4.51,100.96
150,52.01,121.76,80.16,5.9,168.09
151,24.3,48.23,58.63,4.64,44.21
152,45.75,22.65,38.22,4.25,56.75
153,54.73,102.01,14.03,4.66,96.57
154,47.34,117.49,64.05,5.95,183.73
155,38.69,53.28,28.73,4.83,50.27
156,27.13,33.28,77.98,10.82,51.2
157,38.06,42.11,29.84,1.23,46.22
158,31.51,58.57,42.19,0.18,73.85
159,46.91,42.99,36.48,3.83,80.45
160,45.94,99.16,34.75,3.33,92.27
161,44.61,57.53,38.48,3.58,53.49
162,47.16,72.76,29.3,1.92,63.6
163,27.25,43.97,73.71,8.77,70.16
164,34.71,49.8,77.11,8.92,77.81
165,53.34,88.62,20.27,4.14,91.46
166,25.57,49.4,78.48,10.87,60.93
167,21.65,44.39,79.3,10.93,39.34
168,51.51,76.62,28.98,1.92,72.9
169,38.37,118.78,70.69,4.4,178.57
170,34.33,34.18,53.35,1.38,36.53
171,57.85,76.96,22.43,3.45,91.77
172,42.2,82.5,63.82,7.54,180.66
173,35.64,113.78,60.18,6.13,182.6
174,28.7,35.13,67.98,12.07,69.51
175,37.06,108.3,70.77,4.47,172.14
176,34.23,58.54,68.49,2.58,62.64
177,40.77,43.09,58.13,0.0,50.58
178,36.92,24.59,37.67,4.01,70.69
179,22.02,62.81,49.57,0.0,53.37
180,41.95,37.78,47.36,5.15,100.82
181,23.97,56.15,72.68,9.57,82.27
182,19.67,50.83,70.04,8.52,61.78
183,26.93,49.39,73.88,8.24,76.98
184,40.48,21.43,37.86,5.53,75.35
185,18.0,49.54,65.12,10.97,52.04
186,34.25,42.87,35.63,3.69,86.19
187,22.11,48.68,84.12,8.46,76.95
188,23.22,44.31,75.82,11.05,53.82
189,49.62,87.83,28.03,2.27,102.73
190,44.03,60.81,22.08,3.12,96.33
191,51.56,83.49,13.21,0.0,80.8
192,43.7,55.37,24.82,1.51,65.32
193,31.11,129.98,83.2,5.3,168.03
194,35.41,33.1,37.07,5.96,69.08
195,44.42,110.4,69.43,6.24,177.41
196,36.33,101.83,69.96,5.59,199.52
197,35.54,51.4,28.96,3.27,77.07
198,51.13,121.9,81.47,6.26,211.82
199,53.98,74.47,24.62,1.99,84.17
200,22.26,45.67,78.72,8.4,43.92
201,45.23,88.99,23.86,0.0,96.4
202,21.69,38.03,74.78,9.37,66.83
203,40.19,48.03,50.37,2.48,71.37
204,24.33,47.32,80.8,10.11,52.49
205,38.54,104.18,69.75,3.34,167.3
206,42.9,28.88,40.5,7.09,106.27
207,25.75,72.31,50.8,0.19,34.97
208,46.29,106.46,65.01,5.6,181.42
209,36.79,39.74,43.73,4.08,67.43
210,47.95,85.61,31.73,2.01,86.46
211,26.14,54.28,76.52,9.46,59.84
212,38.21,22.27,30.12,2.85,78.36
213,54.56,96.24,83.79,6.32,183.36
214,39.63,113.09,74.75,5.39,215.07
215,53.62,85.78,26.38,2.65,80.65
216,50.95,90.65,64.29,3.8,191.59
217,30.16,65.57,44.52,0.53,59.89
218,53.98,77.66,44.19,0.0,92.32
219,32.9,45.46,66.24,0.72,40.99
220,47.47,40.09,36.94,8.22,68.49
221,38.07,38.04,35.16,4.48,76.72
222,41.11,21.02,41.04,3.93,52.23
223,45.85,103.84,70.72,7.54,182.93
224,27.75,62.29,74.24,7.48,53.78
225,24.64,49.35,99.36,7.62,70.05
226,41.42,25.14,24.43,2.89,74.64
227,47.27,81.42,8.66,2.71,92.23
228,50.26,79.58,5.31,2.61,83.28
229,23.19,49.3,86.46,9.5,68.56
230,50.48,119.54,28.97,2.41,88.32
231,43.25,46.64,31.79,5.36,82.95
232,53.48,79.9,12.33,2.58,73.57
233,29.01,40.41,70.27,6.95,39.33
234,23.47,58.23,50.56,0.59,40.25
235,30.24,30.14,41.96,6.26,67.2
236,45.92,78.78,23.07,1.43,97.01
237,39.06,35.36,21.2,3.58,79.16
238,31.57,60.36,48.23,4.07,50.69
239,36.6,52.9,47.01,3.53,60.59
240,48.87,133.0,78.11,5.75,172.61
241,41.31,48.26,51.61,4.45,43.98
242,50.0,119.63,94.1,6.98,158.29
243,43.91,81.48,20.08,0.95,100.88
244,43.55,38.59,42.9,5.63,42.21
245,46.88,103.65,73.85,6.73,198.71
246,45.92,107.77,16.47,4.64,106.61
247,40.77,37.4,26.87,4.6,69.24
248,52.68,111.09,74.29,7.31,174.87
249,39.24,49.7,30.82,5.24,56.63
250,22.24,48.86,76.46,9.3,54.53
251,42.8,92.35,76.76,5.31,179.41
252,53.1,95.43,77.92,8.71,180.81
253,26.98,33.75,46.96,0.0,45.46
254,47.43,30.36,30.7,4.27,66.66
255,19.25,47.34,86.1,9.5,39.66
256,47.11,27.36,37.18,3.61,79.46
257,20.81,34.47,77.54,10.65,82.08
258,23.11,58.4,55.23,0.0,26.84
259,21.58,24.27,79.9,8.84,49.3
260,18.88,45.11,76.47,9.42,66.75
261,41.81,44.65,24.93,2.55,59.7
262,49.12,111.79,81.98,6.81,187.02
263,19.4,56.71,82.1,7.26,56.56
264,48.53,30.95,40.89,4.88,70.69
265,49.58,111.4,68.78,5.04,165.84
266,39.21,117.12,61.1,5.33,152.88
267,59.16,77.75,29.83,4.86,94.7
268,48.73,120.78,73.19,5.28,184.16
269,36.6,29.89,43.38,3.58,71.2
270,50.6,107.96,67.79,6.44,175.43
271,35.69,49.68,41.87,3.62,77.32
272,45.28,87.19,24.86,1.12,114.63
273,34.28,41.15,29.95,3.76,87.87
274,41.83,32.14,42.5,2.81,40.92
275,42.02,34.66,41.24,3.46,71.21
276,40.02,88.93,71.37,6.05,201.01
277,43.91,115.77,58.14,6.02,181.39
278,18.0,56.77,79.43,8.7,57.69
279,43.42,54.35,32.28,1.81,66.58
280,21.88,45.72,94.57,11.63,71.92
281,35.07,34.65,40.99,4.1,57.09
282,35.8,21.79,37.05,4.05,70.14
283,30.34,48.37,48.5,1.78,56.66
284,50.97,114.5,62.99,7.09,186.11
285,28.2,27.21,40.13,3.67,69.26
286,40.39,51.34,26.31,3.03,77.37
287,47.19,112.37,79.05,4.16,220.56
288,21.95,43.69,90.01,10.75,48.0
289,37.05,39.12,45.12,2.72,75.28
290,41.64,96.14,61.73,6.59,190.89
291,26.17,43.47,71.73,7.53,82.31
292,51.53,83.35,21.72,2.64,89.12
293,32.2,49.54,28.87,4.93,107.39
294,33.49,40.9,29.03,3.33,93.42
295,27.73,30.31,35.2,4.39,67.69
296,46.63,92.19,70.38,4.87,165.86
297,50.42,92.33,20.8,2.48,76.4
298,45.49,102.75,66.2,4.37,205.84
299,35.9,43.76,41.64,2.7,34.17
300,38.18,66.35,28.14,3.09,99.6
301,55.31,86.71,28.77,3.63,82.65
302,53.58,84.06,29.26,5.64,117.79
303,28.19,50.24,71.09,8.35,60.56
304,39.54,36.34,54.12,4.83,76.72
305,39.79,20.84,36.05,6.51,78.95
306,40.3,77.35,13.07,0.9,93.98
307,35.71,53.39,54.07,2.58,49.31
308,37.99,35.51,42.76,3.23,90.25
309,38.05,25.38,29.67,4.17,81.54
310,26.15,47.63,92.52,7.05,75.68
311,19.49,46.98,66.35,10.74,47.09
312,38.53,25.09,77.03,9.2,57.43
313,51.16,109.57,77.08,6.22,164.29
314,38.42,52.07,13.08,4.82,49.96
315,51.64,111.62,81.74,5.87,154.36
316,47.06,130.09,70.87,3.97,168.02
317,43.42,86.81,14.63,3.48,127.81
318,55.8,98.4,9.38,2.51,78.99
319,42.03,103.06,80.29,4.32,197.49
320,45.91,111.92,67.96,4.0,163.51
321,29.14,38.49,50.88,1.47,30.21
322,54.3,82.46,22.69,1.8,53.42
323,27.97,42.03,85.92,9.47,59.1
324,43.47,108.21,71.92,6.15,179.18
325,28.26,61.84,42.13,2.3,63.38
326,27.74,56.48,53.84,1.18,34.73
327,41.37,124.67,73.11,6.71,185.5
328,43.7,95.12,22.27,2.1,84.61
329,41.62,118.96,80.13,6.83,193.67
330,30.43,50.81,44.41,2.61,52.29
331,25.21,40.93,89.02,8.84,79.36
332,20.73,43.3,81.26,9.95,48.11
333,36.82,109.83,78.32,5.4,203.74
334,40.94,31.38,32.33,4.23,90.94
335,32.6,114.99,90.22,4.26,172.32
336,52.06,92.47,12.53,3.56,93.71
337,28.99,52.01,49.33,0.0,31.94
338,34.34,65.77,50.9,3.19,34.38
339,18.14,30.05,72.85,10.24,36.61
340,33.08,30.56,36.11,3.63,66.05
341,40.23,31.67,28.46,1.87,51.81
342,18.33,43.09,79.46,11.16,43.28
343,18.0,61.16,69.75,9.2,50.16
344,19.93,49.54,83.62,10.34,67.28
345,40.78,47.53,28.41,4.2,76.83
346,42.59,113.57,76.03,3.9,163.61
347,18.0,45.69,88.39,7.93,50.24
348,39.23,48.4,36.01,3.6,55.85
349,28.81,40.85,59.91,2.52,46.14
350,44.58,120.85,75.7,7.11,164.34
351,24.79,44.33,89.98,8.82,102.14
352,18.02,45.33,85.72,7.87,61.66
353,36.03,66.97,47.64,1.81,49.38
354,22.18,38.01,77.65,7.31,66.49
355,35.87,47.13,29.69,2.23,73.62
356,43.6,36.0,46.28,0.0,80.76
357,53.11,77.94,12.42,1.57,94.31
358,34.84,41.62,43.46,3.0,59.48
359,50.9,87.73,24.32,0.97,89.19
360,40.44,121.32,80.39,3.79,183.51
361,37.83,40.05,43.45,5.3,75.28
362,43.74,94.33,68.8,6.08,179.05
363,25.8,43.65,37.54,2.3,41.53
364,18.0,52.77,75.65,10.7,65.1
365,39.1,110.68,70.35,4.83,185.86
366,55.79,80.92,13.29,0.0,95.38
367,19.33,55.68,74.91,9.42,43.54
368,19.01,50.91,86.5,10.28,67.42
369,45.89,120.29,76.69,6.33,187.62
370,53.16,91.35,35.6,0.0,101.81
371,47.83,93.18,66.9,7.79,187.34
372,52.43,75.37,21.78,2.15,89.37
373,47.68,30.07,44.14,4.72,67.28
374,24.81,62.44,80.41,9.38,53.15
375,34.15,115.63,66.8,8.13,185.81
376,50.35,76.13,14.49,0.49,117.59
377,40.82,97.14,76.79,5.69,194.47
378,44.05,38.2,36.47,2.69,78.72
379,18.69,36.48,67.04,8.55,69.27
380,49.61,125.9,87.47,2.1,188.69
381,21.92,46.38,78.86,10.57,70.35
382,28.77,60.62,60.99,0.29,46.48
383,40.66,111.46,66.06,6.99,160.7
384,28.69,41.76,25.2,1.59,74.92
385,32.01,47.02,75.09,8.12,65.28
386,40.92,38.36,41.17,3.12,41.01
387,35.32,43.91,42.97,4.1,91.44
388,49.84,106.74,70.95,5.04,191.5
389,39.82,49.94,37.43,1.95,86.22
390,46.25,101.91,80.12,6.4,191.66
391,31.54,54.97,45.2,1.76,55.85
392,19.73,31.25,83.72,9.66,65.68
393,28.08,53.72,38.17,4.57,70.28
394,27.22,55.67,61.44,9.5,41.58
395,34.87,36.78,48.92,3.22,45.07
396,37.43,110.25,71.39,5.65,167.24
397,20.69,51.38,70.75,11.34,57.73
398,40.42,105.44,83.12,3.96,188.23
399,26.9,53.53,41.41,2.63,75.77
400,41.34,37.6,47.69,5.61,73.05
401,55.95,95.1,28.36,1.65,85.18
402,45.85,29.92,24.85,4.16,80.77
403,21.35,51.66,62.02,8.28,83.28
404,56.15,107.48,59.21,8.67,194.69
405,18.0,36.67,85.61,9.2,52.66
406,42.64,88.76,27.85,5.7,88.74
407,36.06,39.09,42.99,3.71,53.55
408,42.15,104.94,1.96,3.86,71.55
409,33.38,33.58,86.14,8.38,51.35
410,18.21,56.26,54.68,0.84,20.35
411,41.08,50.39,38.03,5.7,75.22
412,31.84,56.02,52.86,0.0,74.92
413,58.19,99.2,15.52,2.85,87.18
414,24.8,62.21,83.36,9.62,62.23
415,32.54,71.74,51.41,0.73,42.9
416,51.84,36.71,20.86,5.65,84.06
417,18.92,37.06,77.71,9.43,79.33
418,53.51,107.39,36.96,4.32,98.36
419,52.58,121.7,66.05,6.75,168.83
420,46.8,99.69,22.69,0.62,77.9
421,33.07,64.04,50.57,0.0,35.99
422,22.42,41.24,83.48,10.28,54.38
423,34.13,33.06,35.03,2.08,46.27
424,32.84,42.34,82.56,12.09,61.66
425,44.09,31.44,34.43,1.73,77.84
426,42.46,117.72,93.14,4.2,167.86
427,21.37,58.71,52.44,2.27,69.07
428,18.58,46.85,68.03,9.93,71.74
429,48.71,116.17,75.3,7.1,196.03
430,41.53,29.68,48.02,4.42,90.21
431,27.27,54.05,50.28,0.0,42.99
432,56.44,84.12,16.46,0.22,106.94
433,37.92,58.41,28.27,2.99,88.4
434,52.21,89.4,17.06,2.92,112.52
435,41.94,47.32,37.04,3.44,79.48
436,31.7,33.06,44.43,3.92,70.22
437,30.34,49.96,33.44,3.16,71.18
438,34.19,34.84,28.73,2.43,50.17
439,33.33,40.88,62.93,1.74,29.05
440,45.61,57.26,41.07,5.06,67.32
441,33.56,53.99,31.12,3.13,64.35
442,30.39,28.3,34.2,4.03,80.9
443,33.15,62.81,43.92,0.94,44.49
444,41.68,95.29,70.3,7.38,198.44
445,39.22,49.7,35.41,3.49,112.68
446,61.25,70.57,13.98,0.47,89.72
447,52.58,83.54,3.69,3.59,85.94
448,19.89,52.49,77.26,8.07,37.39
449,19.73,45.06,70.88,6.87,68.39
450,33.55,54.11,23.75,5.75,89.83
451,54.81,62.85,18.53,0.77,78.19
452,24.15,29.1,71.72,7.5,57.21
453,64.11,90.59,20.3,1.75,81.59
454,22.45,39.82,82.91,4.99,81.53
455,29.33,50.3,81.32,9.72,75.29
456,48.07,123.25,76.13,6.9,169.29
457,35.27,52.66,28.35,4.94,87.07
458,57.45,78.32,11.43,3.31,105.67
459,33.67,42.11,32.88,8.63,71.05
460,42.1,50.2,36.61,1.8,65.89
461,25.16,19.33,78.57,9.59,61.53
462,43.52,39.13,41.02,2.93,84.62
463,22.89,32.48,64.51,7.24,80.73
464,45.18,47.8,33.77,5.42,76.67
465,55.57,95.64,28.95,1.92,84.62
466,37.08,41.46,53.65,3.91,61.43
467,49.02,115.48,56.79,6.76,187.45
468,44.96,107.82,75.32,7.78,189.16
469,36.06,37.29,29.55,3.94,52.14
470,43.74,30.85,40.35,1.59,58.96
471,53.6,80.19,18.08,1.23,101.98
472,58.0,98.83,21.21,0.63,78.28
473,34.68,53.79,66.93,4.03,31.78
474,45.16,90.5,17.91,1.28,100.74
475,25.52,41.32,90.91,9.02,59.11
476,46.95,117.62,84.77,6.19,181.29
477,43.11,106.08,65.59,6.25,172.18
478,43.41,115.5,55.51,6.05,152.06
479,43.99,102.85,70.33,5.08,180.94
480,46.49,75.0,8.03,1.79,89.24
481,22.68,43.81,17.06,1.36,79.16
482,53.48,84.69,11.61,1.94,103.21
483,40.71,23.81,27.77,5.24,82.8
484,38.62,40.07,37.3,2.34,58.27
485,44.83,82.86,24.55,0.94,94.87
486,32.98,42.29,38.16,0.0,42.58
487,26.07,21.9,68.04,7.75,85.78
488,21.73,39.06,74.29,9.18,58.25
489,32.82,23.21,33.76,4.41,46.28
490,25.78,68.28,75.73,6.06,55.95
491,42.22,34.15,28.99,2.27,57.79
492,30.48,63.83,67.85,1.38,58.87
493,45.4,90.47,21.97,0.88,76.76
494,36.28,44.51,40.63,3.15,53.85
495,27.33,22.09,70.22,11.86,51.06
496,25.5,45.66,34.88,2.14,57.1
497,25.1,49.75,85.0,9.67,72.82
498,49.31,98.53,66.54,5.65,189.5
499,51.72,83.84,23.26,2.2,74.24
500,41.88,108.09,73.18,4.4,180.85
501,24.06,47.23,55.81,2.04,40.54
502,52.58,115.1,85.18,6.35,161.63
503,23.04,33.22,81.5,7.29,58.84
504,42.8,109.77,62.42,4.83,189.44
505,18.0,58.1,100.0,10.42,56.05
506,45.27,104.34,65.98,5.17,183.85
507,28.88,58.02,33.06,2.07,58.49
508,46.46,121.99,67.48,5.13,213.1
509,19.94,52.02,77.3,8.53,60.22
510,36.47,50.38,41.47,3.37,78.92
511,33.01,33.0,34.78,2.36,71.7
512,25.75,66.96,53.32,1.07,44.8
513,46.54,89.15,16.18,2.81,103.29
514,42.64,31.77,25.32,5.59,69.37
515,58.55,100.7,68.44,4.98,184.79
516,50.4,87.53,13.53,1.93,101.14
517,28.19,42.15,79.35,10.48,45.22
518,26.06,56.91,82.07,9.09,59.93
519,36.56,39.92,47.61,2.02,76.7
520,31.31,58.21,61.99,10.8,71.25
521,44.29,60.0,56.41,2.11,47.06
522,23.8,58.54,59.48,6.18,54.55
523,35.79,44.95,25.32,4.66,63.59
524,18.0,30.19,69.47,8.14,45.03
525,49.17,32.29,26.84,7.35,70.19
526,54.23,74.56,11.81,1.73,92.68
527,37.78,20.9,46.07,2.46,61.79
528,43.71,61.59,38.37,2.77,55.67
529,26.49,52.51,72.8,5.83,36.11
530,24.99,54.34,27.04,0.0,25.05
531,20.35,44.43,82.23,9.56,64.91
532,22.36,33.83,78.31,8.95,20.22
533,49.54,75.92,36.97,4.4,83.12
534,27.18,28.98,76.76,7.33,49.71
535,30.79,28.6,35.95,4.21,63.05
536,61.12,76.94,19.77,3.08,85.57
537,31.68,38.95,76.17,9.88,39.35
538,26.72,46.53,73.39,7.12,74.61
539,28.2,36.37,66.52,6.09,79.55
540,42.53,42.78,24.65,4.74,67.87
541,45.51,42.91,40.81,5.31,58.59
542,51.11,90.87,12.31,2.79,76.55
543,39.38,43.4,44.13,4.85,89.65
544,28.77,21.9,35.52,2.62,91.32
545,21.86,60.73,91.23,9.02,28.38
546,39.62,30.49,35.91,6.47,76.15
547,37.43,35.36,34.75,3.73,75.45
548,43.14,26.98,39.57,3.95,87.86
549,49.62,78.57,20.35,3.91,106.64
550,39.37,98.37,65.27,6.36,222.19
551,26.31,55.5,50.02,1.93,64.44
552,44.18,102.97,67.13,5.62,164.96
553,43.17,43.89,28.42,3.09,91.93
554,44.75,119.89,84.53,6.43,175.36
555,53.62,78.54,14.27,0.42,48.82
556,57.74,86.71,19.04,1.75,81.74
557,44.28,95.08,64.52,3.93,187.38
558,54.31,114.53,72.39,6.59,152.16
559,31.9,53.04,99.06,8.75,48.57
560,28.39,45.53,87.18,7.08,54.95
561,33.79,50.54,45.92,0.01,55.73
562,39.09,45.01,36.84,6.82,72.05
563,22.33,49.39,82.67,8.13,81.81
564,43.13,109.87,76.08,5.08,150.33
565,25.94,74.01,39.06,2.36,60.28
566,46.82,106.09,69.19,8.14,147.66
567,40.42,30.18,43.42,5.58,58.28
568,51.23,117.3,67.66,5.35,168.92
569,40.4,38.32,33.49,6.97,46.19
570,28.83,57.35,55.29,3.27,34.12
571,42.1,47.5,46.39,2.62,70.77
572,34.54,34.86,38.38,1.98,85.73
573,25.05,37.71,33.05,0.0,36.75
574,51.11,84.34,23.01,2.13,79.67
575,39.66,19.01,34.51,8.01,73.54
576,47.31,102.7,72.59,7.45,180.55
577,49.78,98.1,9.35,2.53,99.66
578,48.26,93.95,4.09,1.3,90.66
579,46.82,97.38,77.38,7.15,180.78
580,37.16,109.57,77.19,6.99,199.38
581,24.71,63.21,81.52,6.21,46.31
582,20.55,47.88,50.65,3.96,79.31
583,35.55,34.56,30.52,3.14,66.35
584,54.01,76.75,16.9,2.77,109.81
585,24.36,43.75,73.55,7.96,61.53
586,49.98,92.23,82.46,5.01,178.53
587,26.23,51.09,92.89,8.5,55.85
588,21.19,59.28,60.83,2.79,29.56
589,35.46,20.86,28.1,5.54,66.53
590,46.38,58.88,26.13,2.39,95.73
591,33.67,45.54,45.13,3.02,62.68
592,27.89,42.34,77.62,9.95,81.63
593,48.01,113.21,72.38,6.46,177.3
594,28.34,49.9,41.2,2.99,67.15
595,33.67,52.36,39.28,2.18,20.72
596,20.67,59.71,81.98,9.77,70.48
597,25.92,58.28,83.86,9.79,87.03
598,56.15,139.14,80.31,5.96,180.17
599,40.52,55.66,28.73,5.44,75.09
600,55.21,90.65,16.45,0.0,101.89
601,49.12,86.56,81.88,6.85,182.26
602,42.06,54.47,33.94,4.73,66.0
603,23.42,60.87,42.51,0.0,22.39
604,24.51,36.14,44.67,1.84,30.22
605,51.69,100.09,29.68,3.85,47.81
606,29.89,42.31,43.53,4.15,93.17
607,44.81,110.91,60.92,7.57,152.85
608,54.3,100.41,82.32,8.41,174.73
609,19.7,55.13,82.76,6.32,44.68
610,50.86,85.26,14.52,0.46,116.72
611,46.14,105.76,84.02,5.92,179.58
612,44.52,85.3,1.0,2.91,98.28
613,44.39,77.22,14.22,0.04,62.81
614,24.88,42.16,61.75,9.33,66.16
615,25.43,48.93,78.66,9.11,66.26
616,19.47,59.76,65.8,10.45,78.63
617,44.29,33.17,36.79,4.13,70.61
618,30.11,44.03,90.69,9.38,66.15
619,43.12,102.71,88.68,7.36,184.99
620,56.2,78.5,3.67,0.48,107.71
621,27.64,53.22,51.37,2.31,59.14
622,45.88,47.07,32.17,4.97,58.52
623,51.31,84.82,21.81,3.23,74.34
624,41.01,107.39,71.89,4.09,178.58
625,40.36,101.69,75.46,5.26,163.84
626,34.98,43.32,31.2,3.21,98.73
627,30.06,38.29,44.13,1.5,41.04
628,27.22,65.77,79.54,7.26,58.46
629,51.01,77.4,22.89,3.27,95.4
630,23.6,49.14,66.79,8.86,62.71
631,32.8,55.06,50.85,1.28,41.18
632,28.29,54.9,84.39,9.41,81.68
633,31.36,63.21,49.36,1.6,37.01
634,45.3,117.78,69.88,2.99,195.34
635,32.53,55.26,58.76,0.0,59.87
636,46.18,112.83,79.63,6.17,166.15
637,21.57,41.06,71.17,11.38,51.58
638,27.45,52.31,68.36,9.04,63.4
639,49.55,83.4,23.16,4.68,98.37
640,36.63,52.33,34.28,6.62,79.68
641,56.63,108.81,75.26,6.99,156.27
642,18.0,38.46,76.33,10.41,69.19
643,52.25,121.25,62.22,5.16,158.9
644,18.0,37.21,86.22,6.89,60.4
645,49.39,54.1,36.13,2.92,73.98
646,25.65,58.52,42.76,0.96,30.37
647,45.86,44.5,50.61,3.49,57.6
648,24.11,36.78,81.93,8.39,54.58
649,49.56,96.08,31.27,2.32,114.21
650,22.51,57.81,44.58,2.33,45.08
651,44.84,33.97,34.99,5.06,60.62
652,38.51,35.38,37.86,3.4,68.09
653,56.33,83.23,14.98,4.1,92.55
654,27.87,63.44,41.82,0.0,62.83
655,46.53,36.36,44.72,0.97,80.02
656,31.32,42.95,76.71,8.98,86.57
657,25.16,37.56,85.71,6.99,77.01
658,42.54,41.83,19.84,4.06,78.26
659,50.72,75.35,23.35,3.09,95.83
660,31.47,58.0,71.74,7.13,66.17
661,34.51,51.86,22.62,5.46,91.87
662,48.82,89.36,33.42,2.36,106.19
663,42.98,46.39,31.47,3.07,66.51
664,49.52,64.97,15.52,0.87,114.35
665,22.97,47.33,84.33,9.02,70.51
666,33.21,35.97,38.89,3.58,50.64
667,49.8,94.13,97.48,7.19,170.76
668,48.25,95.73,77.26,5.44,187.96
669,38.45,28.02,25.89,0.0,75.22
670,28.36,47.96,81.63,10.49,51.94
671,44.45,113.96,82.14,9.0,181.91
672,19.53,30.23,73.74,8.47,89.41
673,22.22,39.29,90.2,10.36,68.98
674,39.91,62.0,38.51,0.0,31.04
675,55.52,81.19,16.12,0.55,88.82
676,50.95,69.58,10.46,0.96,102.69
677,26.33,59.19,47.41,1.57,34.88
678,42.76,114.6,89.39,7.54,185.7
679,55.14,90.52,20.6,2.49,88.18
680,52.19,116.48,63.02,4.85,194.14
681,52.8,89.7,27.1,2.37,109.46
682,43.74,107.88,76.89,6.93,175.8
683,47.14,118.4,86.82,6.14,175.02
684,36.93,46.76,40.5,5.6,84.03
685,47.02,90.03,74.09,1.62,182.98
686,24.79,37.95,76.88,6.7,75.45
687,28.18,50.54,83.77,6.16,57.24
688,57.5,84.29,28.17,0.0,56.39
689,33.27,41.85,47.78,1.59,35.64
690,34.49,34.58,32.68,4.73,67.47
691,25.45,62.27,83.08,7.73,41.37
692,46.76,106.35,70.47,5.02,163.87
693,26.78,59.25,53.96,0.53,64.12
694,18.0,40.28,96.42,8.39,29.98
695,40.08,62.73,20.25,5.6,46.82
696,33.86,41.14,34.39,2.79,80.79
697,37.95,99.32,71.46,9.32,167.8
698,50.59,77.73,16.83,1.7,104.92
699,41.2,97.32,83.38,4.36,188.33
700,23.75,45.0,93.03,11.52,69.3
701,37.5,43.85,31.23,3.89,54.25
702,25.07,49.87,50.58,0.41,38.56
703,54.35,87.02,16.23,2.45,103.5
704,23.24,50.99,46.54,0.02,52.11
705,48.26,111.95,75.0,4.33,186.56
706,42.17,37.86,46.37,5.11,64.98
707,51.8,67.67,24.15,0.77,63.77
708,35.56,29.55,37.98,3.51,64.5
709,19.88,42.08,60.85,7.38,72.09
710,24.86,41.42,82.79,11.82,36.0
711,18.0,54.36,87.45,9.53,61.02
712,36.14,45.89,44.89,0.0,34.99
713,51.75,72.47,22.55,0.1,118.36
714,27.35,46.85,45.01,3.03,54.36
715,29.26,43.91,48.4,0.0,59.38
716,23.73,50.21,84.7,8.07,70.47
717,42.98,64.58,28.32,2.38,73.56
718,37.23,34.66,54.77,4.32,63.56
719,44.88,96.27,76.98,6.3,172.98
720,43.67,36.29,35.11,4.43,100.33
721,37.43,40.94,40.91,4.64,74.02
722,37.65,58.42,34.66,4.57,73.43
723,41.94,33.44,34.74,2.77,82.76
724,47.09,76.82,14.29,4.54,70.75
725,19.21,48.52,74.49,8.17,55.89
726,18.06,24.96,90.9,8.67,58.52
727,44.89,107.66,69.7,3.12,167.86
728,41.86,108.86,62.46,4.96,188.75
729,50.35,73.76,23.2,1.57,97.59
730,26.86,67.52,49.52,1.46,45.25
731,32.62,43.11,82.51,9.32,82.98
732,21.35,59.81,69.74,10.25,61.18
733,32.89,53.3,61.15,0.0,54.53
734,40.04,50.96,59.25,4.07,58.64
735,39.45,44.0,19.21,4.73,45.28
736,30.53,34.59,86.53,9.01,40.19
737,34.58,103.75,71.05,7.61,154.28
738,50.84,103.5,15.24,3.2,94.03
739,54.96,93.89,17.86,0.85,75.83
740,28.3,56.87,65.31,3.03,44.02
741,52.92,94.68,23.82,2.47,74.96
742,55.61,78.1,11.97,0.62,85.61
743,40.02,49.3,49.65,5.81,69.1
744,47.02,113.42,64.64,6.16,175.51
745,25.09,46.77,78.73,8.82,47.11
746,31.61,31.84,24.42,5.29,37.94
747,28.91,53.3,81.42,7.08,82.09
748,49.93,67.84,14.56,0.42,67.49
749,26.23,36.63,82.18,7.7,31.38
750,25.84,46.55,85.35,9.13,60.78
751,39.4,48.24,50.1,3.91,49.09
752,27.39,27.43,85.65,10.54,45.67
753,23.1,48.29,78.03,10.33,75.11
754,31.75,68.85,58.61,5.86,51.56
755,39.83,33.21,50.56,4.7,65.43
756,49.37,91.87,24.43,3.12,83.66
757,50.42,96.27,24.9,3.21,103.03
758,44.18,30.09,37.44,2.52,62.52
759,48.98,113.3,84.83,6.15,182.38
760,27.29,66.62,44.65,1.58,55.06
761,58.76,71.32,38.85,0.96,109.32
762,25.14,41.61,91.69,7.44,67.86
763,26.66,37.37,91.64,7.36,27.3
764,29.67,45.96,54.87,1.36,52.58
765,30.22,119.74,72.93,7.49,178.65
766,30.9,65.94,49.26,0.0,37.83
767,43.1,100.6,66.58,4.9,189.07
768,22.56,70.98,71.04,9.67,68.49
769,19.8,45.52,89.18,8.7,51.63
770,38.08,47.7,28.24,4.19,72.05
771,40.5,49.76,36.91,3.94,89.49
772,28.61,54.47,73.97,3.53,66.25
773,44.88,95.46,83.96,3.99,185.03
774,35.72,44.69,39.58,2.22,84.05
775,32.21,65.14,41.38,2.65,57.11
776,42.24,39.44,27.76,3.25,76.41
777,27.16,61.09,47.92,0.0,28.72
778,22.67,38.48,44.82,1.2,17.16
779,54.09,76.76,13.61,1.98,109.56
780,18.46,41.57,73.39,9.43,89.01
781,29.8,50.12,56.36,1.8,58.91
782,27.07,27.61,49.34,1.89,44.4
783,35.83,42.05,30.7,5.66,52.14
784,28.26,40.29,51.83,0.0,56.94
785,30.34,51.14,55.68,0.06,67.91
786,37.57,44.54,53.4,3.4,49.94
787,19.17,30.18,66.46,7.87,42.19
788,47.08,55.05,31.27,4.34,60.5
789,24.91,57.76,53.69,0.0,43.86
790,34.64,38.22,72.78,9.83,56.18
791,42.6,41.09,35.36,2.13,66.52
792,46.08,78.48,16.27,3.63,98.5
793,18.0,53.21,93.34,8.78,64.09
794,50.77,102.23,18.94,0.87,80.01
795,48.13,90.95,31.26,2.57,72.33
796,35.3,54.49,57.13,2.79,72.22
797,25.19,48.83,81.88,6.84,55.92
798,36.59,55.64,82.26,10.66,70.93
799,56.79,86.95,32.98,3.73,73.41
800,27.69,53.14,74.98,9.05,67.79
801,43.95,110.47,81.15,4.82,168.47
802,45.14,102.4,72.91,6.71,157.72
803,46.72,73.15,30.25,0.55,78.85
804,29.96,22.44,36.68,1.96,54.65
805,44.89,81.96,23.78,2.28,74.14
806,39.64,37.56,22.43,1.78,78.51
807,22.8,53.44,91.61,8.93,45.17
808,22.4,41.71,96.28,9.57,96.68
809,18.82,46.97,78.61,9.15,74.44
810,42.54,95.78,71.72,6.38,189.07
811,22.66,46.76,54.09,1.3,9.68
812,18.0,36.54,84.47,12.36,46.81
813,28.79,47.5,29.63,2.47,56.4
814,32.71,46.7,62.85,3.14,55.97
815,46.76,97.76,36.73,0.49,84.77
816,23.92,43.66,75.52,9.96,71.34
817,30.84,62.85,47.82,0.0,15.96
818,23.43,47.64,75.69,9.07,74.79
819,41.38,35.66,45.95,4.63,99.11
820,35.98,36.06,27.53,4.63,73.85
821,46.51,106.05,71.91,7.01,222.86
822,48.77,113.3,56.4,5.8,191.58
823,48.37,92.55,23.31,1.52,81.11
824,36.81,54.36,34.57,3.51,81.77
825,35.82,41.8,28.9,5.17,85.78
826,40.33,83.51,19.78,0.38,77.47
827,29.64,69.96,56.78,1.55,41.24
828,65.7,79.34,24.01,2.03,78.52
829,48.98,101.46,74.18,8.12,184.09
830,33.49,39.49,53.88,3.24,79.68
831,41.69,98.5,94.0,6.68,167.93
832,51.84,103.22,76.36,8.39,167.0
833,23.21,43.2,94.78,9.58,62.76
834,53.04,78.91,13.16,2.55,89.94
835,51.64,92.44,3.2,1.29,82.84
836,38.35,31.47,45.08,3.48,46.66
837,19.93,58.9,53.31,0.0,36.16
838,41.26,29.43,25.64,5.72,58.86
839,52.34,74.91,20.23,0.34,102.2
840,42.86,43.09,31.82,3.46,71.34
841,50.5,85.05,16.91,4.04,98.86
842,34.99,33.66,36.88,0.71,77.06
843,23.3,47.29,66.15,7.71,54.24
844,20.94,52.6,84.92,7.99,67.1
845,53.97,84.02,17.04,2.32,75.83
846,56.55,107.63,68.8,3.3,169.59
847,59.03,93.61,1.0,1.94,91.51
848,24.56,37.88,50.1,0.0,28.7
849,28.42,48.72,32.47,4.25,70.06
850,49.8,69.36,28.49,0.0,88.46
851,49.58,115.51,71.07,4.69,174.53
852,37.03,56.82,59.48,5.01,49.28
853,49.84,120.79,75.78,4.21,182.9
854,24.92,39.66,86.33,7.27,55.26
855,30.8,53.42,75.04,9.09,56.46
856,29.91,57.55,50.08,1.75,36.97
857,26.14,43.02,32.84,2.49,81.8
858,25.34,49.59,81.38,9.06,51.85
859,48.84,108.84,31.64,0.28,79.84
860,32.61,63.25,36.07,1.79,58.3
861,22.03,41.69,72.29,4.6,46.1
862,35.32,38.87,40.92,3.33,69.42
863,54.89,106.99,21.63,1.37,42.85
864,43.91,127.06,72.76,3.56,166.27
865,34.35,99.28,70.74,2.77,192.28
866,22.22,48.32,60.44,0.64,62.19
867,50.91,109.45,74.68,5.32,171.91
868,25.1,53.57,82.15,10.09,48.75
869,29.53,26.69,75.83,11.47,69.49
870,24.45,64.51,71.75,9.72,66.3
871,38.76,110.08,86.83,4.51,166.46
872,53.41,86.62,24.8,3.27,72.01
873,18.52,26.69,94.38,10.15,53.82
874,40.74,115.32,71.3,6.24,180.21
875,55.33,88.57,20.93,2.11,84.65
876,58.76,90.59,22.61,1.61,96.4
877,34.51,51.57,62.68,0.0,20.97
878,40.82,76.91,19.77,2.14,81.25
879,18.0,53.64,82.37,9.52,61.64
880,19.37,40.42,60.7,8.96,28.54
881,39.38,37.65,34.23,4.73,90.05
882,43.98,122.65,72.56,6.65,181.36
883,55.78,77.33,10.46,2.44,85.62
884,48.74,94.75,15.66,1.76,84.63
885,43.23,38.92,26.0,4.79,63.31
886,52.46,90.72,13.68,2.88,92.18
887,30.12,46.07,39.57,1.6,47.41
888,20.52,35.38,71.82,9.05,79.87
889,40.86,46.48,34.05,5.15,94.97
890,18.8,48.42,87.16,8.55,49.06
891,44.01,67.35,23.61,0.0,95.42
892,38.92,76.06,50.25,0.0,44.93
893,26.28,60.11,60.72,9.59,63.66
894,38.5,34.15,33.64,5.37,69.04
895,29.52,47.43,49.99,2.23,32.57
896,64.23,92.76,20.0,4.4,98.63
897,51.24,86.56,83.87,6.3,178.17
898,37.96,47.29,49.99,2.34,34.44
899,47.84,81.82,20.07,1.2,74.13
900,39.31,26.69,39.35,3.18,54.45
901,48.31,96.4,75.02,7.02,179.51
902,38.0,64.73,59.76,1.9,71.73
903,46.8,115.03,75.09,6.99,167.91
904,50.86,52.38,42.83,2.05,85.05
905,46.37,86.96,27.24,0.0,74.5
906,21.03,55.0,68.61,8.91,42.72
907,34.49,38.91,29.68,1.41,68.72
908,25.58,45.92,84.39,9.34,42.24
909,32.55,46.4,29.58,5.03,65.45
910,36.23,11.38,43.48,5.06,92.02
911,35.83,45.77,36.66,1.7,77.9
912,36.97,109.87,88.65,8.54,161.75
913,56.27,78.56,23.18,2.26,81.9
914,32.06,48.89,36.36,2.61,74.72
915,30.13,66.3,42.98,0.85,40.32
916,30.03,50.81,78.5,10.1,61.3
917,59.8,81.79,33.75,2.55,130.97
918,53.76,88.5,32.23,4.69,123.63
919,27.84,45.56,34.93,4.94,54.29
920,46.88,123.12,70.77,7.54,181.61
921,41.84,38.33,42.11,4.81,90.51
922,42.91,112.88,59.38,4.1,191.86
923,30.94,39.4,48.54,1.72,44.91
924,36.46,26.24,28.5,3.94,65.83
925,42.95,118.09,66.75,5.57,190.16
926,53.7,127.85,81.01,6.59,170.96
927,37.77,33.35,31.82,5.66,112.0
928,35.12,38.3,24.13,4.1,56.11
929,32.91,57.27,25.16,1.17,60.21
930,34.93,111.15,70.7,5.31,162.69
931,47.78,110.29,64.23,3.16,187.22
932,36.24,108.81,80.5,4.82,153.89
933,24.45,51.19,72.62,7.5,46.49
934,27.78,28.76,48.49,3.44,29.08
935,38.03,44.12,48.25,0.34,40.14
936,41.16,54.73,26.41,5.46,86.43
937,41.34,101.97,77.51,4.64,194.05
938,35.53,31.03,35.33,3.49,94.72
939,37.35,53.92,34.42,1.56,49.81
940,25.73,33.73,61.3,0.88,56.76
941,46.72,82.54,6.88,1.3,94.95
942,43.93,125.16,75.89,4.8,198.89
943,27.07,34.14,26.86,4.51,66.21
944,26.36,29.14,18.64,5.16,66.02
945,30.87,48.5,63.17,0.0,65.41
946,31.25,55.71,51.19,0.28,49.44
947,51.02,51.6,32.01,3.65,47.84
948,27.69,66.23,50.29,2.18,48.54
949,38.75,42.68,39.25,3.03,66.83
950,33.59,33.39,26.13,4.49,78.42
951,34.5,45.09,34.0,0.84,72.79
952,51.14,78.21,13.25,2.38,103.03
953,26.43,32.83,95.98,7.66,53.88
954,18.0,42.14,71.84,11.69,85.25
955,35.26,45.73,51.11,1.21,54.07
956,50.41,78.07,19.37,0.0,82.92
957,18.08,32.04,77.41,7.39,38.73
958,26.08,34.48,29.59,4.38,56.19
959,29.64,40.28,85.1,9.37,59.98
960,45.4,45.89,48.14,5.67,72.66
961,20.73,45.92,86.28,8.52,42.76
962,35.95,50.79,31.39,3.48,79.35
963,29.33,47.86,49.21,3.19,59.1
964,32.02,63.27,53.75,3.66,52.26
965,23.36,75.65,43.47,0.0,62.34
966,40.29,44.6,34.98,5.04,83.12
967,38.73,30.04,30.01,4.16,64.38
968,53.61,82.8,18.49,1.25,90.12
969,18.0,24.37,76.61,9.55,78.39
970,40.4,25.71,29.11,6.42,67.45
971,19.62,55.85,88.01,10.31,79.15
972,36.4,45.8,33.18,4.1,44.37
973,60.21,78.72,26.94,1.07,79.58
974,36.23,37.6,35.95,1.12,60.87
975,42.08,54.8,44.91,2.39,80.78
976,26.11,43.59,23.25,3.92,71.53
977,44.93,85.62,7.41,0.64,94.4
978,38.99,31.73,14.87,5.45,44.44
979,52.05,92.13,28.94,1.6,91.06
980,36.42,66.27,52.11,0.34,60.1
981,19.78,55.76,72.72,8.27,49.31
982,42.29,108.26,77.19,6.35,165.01
983,44.61,91.02,30.22,0.26,101.36
984,52.09,82.8,9.83,2.45,51.59
985,44.09,112.39,73.82,5.86,180.21
986,56.62,75.05,10.9,2.67,43.9
987,39.88,55.8,57.12,1.73,21.22
988,30.69,64.37,85.49,7.89,26.25
989,18.0,42.55,56.28,11.68,60.04
990,56.64,78.82,19.25,1.79,99.63
991,33.14,31.68,27.88,6.53,68.65
992,34.08,40.46,40.06,4.82,48.81
993,47.81,87.85,19.35,0.0,88.43
994,29.49,39.25,31.63,3.74,61.31
995,41.07,51.96,39.3,3.57,59.91
996,30.9,47.25,41.61,1.57,37.48
997,37.12,56.4,47.8,2.73,94.08
998,23.4,57.57,42.19,0.0,26.22
999,41.41,38.84,39.45,4.56,90.8
1000,24.49,58.76,52.62,1.18,41.89
1001,37.82,50.66,30.82,3.0,63.28
1002,26.0,29.18,81.93,7.94,74.6
1003,56.91,99.3,31.12,1.88,88.26
1004,36.14,59.24,38.3,4.79,79.49
1005,45.96,44.85,30.33,3.43,68.91
1006,46.28,115.08,78.82,5.86,173.16
1007,24.19,39.12,43.17,3.54,79.54
1008,25.12,41.28,71.93,10.59,68.14
1009,21.44,54.27,76.41,11.7,52.49
1010,48.22,75.23,5.83,4.15,85.1
1011,42.57,92.75,13.71,0.01,101.41
1012,51.15,83.26,25.13,0.56,80.92
1013,25.69,43.69,88.9,6.41,40.16
1014,18.0,28.99,77.52,7.36,57.53
1015,25.83,33.88,81.05,9.6,60.54
1016,27.72,42.48,66.51,7.88,45.68
1017,18.0,47.23,83.58,9.7,51.76
1018,30.1,46.24,32.34,1.96,66.44
1019,54.1,87.35,20.59,0.3,94.67
1020,46.46,87.86,66.03,8.36,189.05
1021,55.02,113.28,73.87,3.66,170.56
1022,49.86,113.24,78.87,6.87,170.26
1023,33.46,35.72,45.14,3.99,49.58
1024,52.39,95.9,74.94,6.82,166.03
1025,29.7,39.37,34.53,3.26,97.01
1026,35.71,35.3,39.18,4.27,64.1
1027,40.1,33.15,29.22,6.14,59.09
1028,27.56,53.28,87.2,8.06,50.33
1029,26.34,49.72,86.33,9.51,44.32
1030,44.01,44.7,34.25,4.13,65.77
1031,52.37,113.46,86.7,6.73,174.4
1032,18.0,34.3,91.99,8.87,65.48
1033,54.95,80.45,9.24,1.11,86.59
1034,26.69,42.07,67.49,8.62,32.84
1035,59.74,74.66,26.58,3.92,113.19
1036,45.49,81.04,16.97,3.14,75.91
1037,48.29,93.13,73.48,4.26,192.69
1038,29.44,48.43,25.01,5.84,74.21
1039,49.23,98.96,78.28,5.13,191.77
1040,39.4,50.91,56.43,0.0,54.19
1041,32.09,36.2,47.6,2.84,57.31
1042,48.34,83.87,31.04,0.7,114.88
1043,47.97,92.32,69.41,6.35,177.06
1044,25.6,73.89,47.98,1.21,54.31
1045,31.04,48.49,78.04,9.68,52.71
1046,20.37,21.66,79.86,9.6,54.55
1047,35.29,64.94,37.96,5.19,73.71
1048,43.38,121.33,78.54,5.0,177.35
1049,43.04,48.74,41.25,2.93,58.88
1050,45.4,41.19,22.2,4.59,95.15
1051,26.64,40.86,38.62,2.66,27.01
1052,26.75,48.8,61.85,0.0,35.6
1053,23.76,46.6,72.19,11.06,49.89
1054,27.08,33.9,67.47,9.02,52.08
1055,47.32,87.96,15.91,0.0,95.44
1056,44.46,48.27,25.41,5.53,78.19
1057,31.13,62.13,54.93,2.19,73.63
1058,23.51,48.04,81.99,9.05,60.13
1059,60.95,93.18,14.72,0.0,88.59
1060,50.66,35.77,35.23,3.26,90.72
1061,47.47,88.13,23.28,0.0,76.53
1062,23.53,48.67,89.5,11.22,44.98
1063,29.64,39.45,79.31,9.96,35.17
1064,54.18,112.1,76.01,1.43,176.11
1065,35.77,48.57,44.99,4.83,84.52
1066,39.57,119.43,62.26,4.85,172.97
1067,28.66,55.89,67.07,11.15,96.86
1068,45.09,85.92,20.25,2.5,112.79
1069,23.08,37.78,72.24,11.59,65.1
1070,36.12,50.46,38.88,4.38,91.35
1071,62.72,80.38,25.64,0.0,66.52
1072,36.24,36.53,37.44,4.5,51.16
1073,24.79,50.74,66.48,1.03,49.04
1074,38.54,40.11,25.71,3.96,51.81
1075,34.27,45.38,46.88,0.0,44.14
1076,32.25,49.28,76.6,10.3,57.89
1077,33.58,66.23,50.31,1.58,58.46
1078,44.16,33.56,39.73,3.26,51.6
1079,42.13,23.32,31.12,4.06,77.66
1080,38.63,39.27,35.94,5.17,50.36
1081,46.25,93.66,6.1,1.07,76.99
1082,48.1,33.79,34.09,5.47,83.5
1083,41.02,108.95,79.29,5.55,197.38
1084,20.6,48.16,72.9,11.04,64.74
1085,40.75,54.9,27.88,2.95,81.58
1086,42.0,130.96,82.91,7.09,179.48
1087,26.96,67.41,49.86,0.65,58.02
1088,45.47,93.79,84.7,5.57,180.26
1089,38.87,81.92,17.94,3.91,92.84
1090,42.37,108.95,64.51,2.73,185.91
1091,55.75,74.65,24.03,3.1,96.69
1092,22.05,46.08,92.89,9.34,46.59
1093,46.87,83.43,11.34,0.87,83.31
1094,24.06,48.12,73.3,11.14,36.85
1095,35.61,115.55,74.27,3.42,181.47
1096,41.04,42.01,39.08,2.69,90.44
1097,24.9,58.29,80.26,7.49,60.05
1098,29.78,59.29,36.55,1.15,62.43
1099,29.55,68.72,57.5,0.0,50.29
1100,45.93,87.45,22.33,2.57,65.66
